{
    "apiVersion": "apps.openshift.io/v1",
    "kind": "DeploymentConfig",
    "metadata": {
        "annotations": {
            "openshift.io/generated-by": "OpenShiftNewApp"
        },
        "creationTimestamp": "2018-11-28T20:08:23Z",
        "generation": 9,
        "labels": {
            "app": "nexus3",
            "dcvalu": "dcval"
        },
        "name": "nexus3",
        "namespace": "akshay-nexus",
        "resourceVersion": "582185",
        "selfLink": "/apis/apps.openshift.io/v1/namespaces/akshay-nexus/deploymentconfigs/nexus3",
        "uid": "5c0b5be2-f349-11e8-b028-025673be3232"
    },
    "spec": {
        "replicas": 1,
        "revisionHistoryLimit": 10,
        "selector": {
            "app": "nexus3",
            "deploymentconfig": "nexus3"
        },
        "strategy": {
            "activeDeadlineSeconds": 21600,
            "recreateParams": {
                "timeoutSeconds": 600
            },
            "resources": {},
            "rollingParams": {
                "intervalSeconds": 1,
                "maxSurge": "25%",
                "maxUnavailable": "25%",
                "timeoutSeconds": 600,
                "updatePeriodSeconds": 1
            },
            "type": "Recreate"
        },
        "template": {
            "metadata": {
                "annotations": {
                    "openshift.io/generated-by": "OpenShiftNewApp"
                },
                "creationTimestamp": null,
                "labels": {
                    "app": "nexus3",
                    "deploymentconfig": "nexus3"
                }
            },
            "spec": {
                "containers": [
                    {
                        "image": "sonatype/nexus3@sha256:262f9f2b5e61ebbee068a23acfdad8283d8b9285b9f99a8b38bb8c65b2a13071",
                        "imagePullPolicy": "Always",
                        "livenessProbe": {
                            "exec": {
                                "command": [
                                    "echo",
                                    "ok"
                                ]
                            },
                            "failureThreshold": 3,
                            "initialDelaySeconds": 60,
                            "periodSeconds": 10,
                            "successThreshold": 1,
                            "timeoutSeconds": 1
                        },
                        "name": "nexus3",
                        "ports": [
                            {
                                "containerPort": 8081,
                                "protocol": "TCP"
                            }
                        ],
                        "readinessProbe": {
                            "failureThreshold": 3,
                            "httpGet": {
                                "host": "nexus3-akshay-nexus.apps.4df4.openshift.opentlc.com",
                                "path": "/",
                                "port": 8081,
                                "scheme": "HTTP"
                            },
                            "initialDelaySeconds": 60,
                            "periodSeconds": 10,
                            "successThreshold": 1,
                            "timeoutSeconds": 1
                        },
                        "resources": {
                            "limits": {
                                "cpu": "2",
                                "memory": "2Gi"
                            },
                            "requests": {
                                "cpu": "500m",
                                "memory": "1Gi"
                            }
                        },
                        "terminationMessagePath": "/dev/termination-log",
                        "terminationMessagePolicy": "File",
                        "volumeMounts": [
                            {
                                "mountPath": "/nexus-data",
                                "name": "nexus3-volume-1"
                            }
                        ]
                    }
                ],
                "dnsPolicy": "ClusterFirst",
                "restartPolicy": "Always",
                "schedulerName": "default-scheduler",
                "securityContext": {},
                "terminationGracePeriodSeconds": 30,
                "volumes": [
                    {
                        "name": "nexus3-volume-1",
                        "persistentVolumeClaim": {
                            "claimName": "nexus-pvc"
                        }
                    }
                ]
            }
        },
        "test": false,
        "triggers": [
            {
                "type": "ConfigChange"
            },
            {
                "imageChangeParams": {
                    "automatic": true,
                    "containerNames": [
                        "nexus3"
                    ],
                    "from": {
                        "kind": "ImageStreamTag",
                        "name": "nexus3:latest",
                        "namespace": "akshay-nexus"
                    },
                    "lastTriggeredImage": "sonatype/nexus3@sha256:262f9f2b5e61ebbee068a23acfdad8283d8b9285b9f99a8b38bb8c65b2a13071"
                },
                "type": "ImageChange"
            }
        ]
    },
    "status": {
        "availableReplicas": 1,
        "conditions": [
            {
                "lastTransitionTime": "2018-11-28T20:58:27Z",
                "lastUpdateTime": "2018-11-28T20:58:27Z",
                "message": "replication controller \"nexus3-2\" has failed progressing",
                "reason": "ProgressDeadlineExceeded",
                "status": "False",
                "type": "Progressing"
            },
            {
                "lastTransitionTime": "2018-11-28T20:58:31Z",
                "lastUpdateTime": "2018-11-28T20:58:31Z",
                "message": "Deployment config has minimum availability.",
                "status": "True",
                "type": "Available"
            }
        ],
        "details": {
            "causes": [
                {
                    "type": "ConfigChange"
                }
            ],
            "message": "config change"
        },
        "latestVersion": 2,
        "observedGeneration": 9,
        "readyReplicas": 1,
        "replicas": 1,
        "unavailableReplicas": 0,
        "updatedReplicas": 0
    }
}
