{
    "apiVersion": "apps.openshift.io/v1",
    "kind": "DeploymentConfig",
    "metadata": {
        "annotations": {
            "openshift.io/generated-by": "OpenShiftNewApp"
        },
        "creationTimestamp": "2018-11-28T22:12:37Z",
        "generation": 3,
        "labels": {
            "app": "gogs"
        },
        "name": "gogs",
        "namespace": "akshay-gogs",
        "resourceVersion": "499879",
        "selfLink": "/apis/apps.openshift.io/v1/namespaces/akshay-gogs/deploymentconfigs/gogs",
        "uid": "b6a1520d-f35a-11e8-b028-025673be3232"
    },
    "spec": {
        "replicas": 1,
        "revisionHistoryLimit": 10,
        "selector": {
            "app": "gogs",
            "deploymentconfig": "gogs"
        },
        "strategy": {
            "activeDeadlineSeconds": 21600,
            "resources": {},
            "rollingParams": {
                "intervalSeconds": 1,
                "maxSurge": "25%",
                "maxUnavailable": "25%",
                "timeoutSeconds": 600,
                "updatePeriodSeconds": 1
            },
            "type": "Rolling"
        },
        "template": {
            "metadata": {
                "annotations": {
                    "openshift.io/generated-by": "OpenShiftNewApp"
                },
                "creationTimestamp": null,
                "labels": {
                    "app": "gogs",
                    "deploymentconfig": "gogs"
                }
            },
            "spec": {
                "containers": [
                    {
                        "image": "wkulhanek/gogs@sha256:8bcc1cb6f938388b288ba1f9cfe1f2fb7f0cd2297c7b4cdd2d88c2224bb99f4d",
                        "imagePullPolicy": "IfNotPresent",
                        "name": "gogs",
                        "ports": [
                            {
                                "containerPort": 3000,
                                "protocol": "TCP"
                            }
                        ],
                        "resources": {},
                        "terminationMessagePath": "/dev/termination-log",
                        "terminationMessagePolicy": "File",
                        "volumeMounts": [
                            {
                                "mountPath": "/data",
                                "name": "gogs-volume-1"
                            }
                        ]
                    }
                ],
                "dnsPolicy": "ClusterFirst",
                "restartPolicy": "Always",
                "schedulerName": "default-scheduler",
                "securityContext": {},
                "terminationGracePeriodSeconds": 30,
                "volumes": [
                    {
                        "name": "gogs-volume-1",
                        "persistentVolumeClaim": {
                            "claimName": "gogs-data"
                        }
                    }
                ]
            }
        },
        "test": false,
        "triggers": [
            {
                "type": "ConfigChange"
            },
            {
                "imageChangeParams": {
                    "automatic": true,
                    "containerNames": [
                        "gogs"
                    ],
                    "from": {
                        "kind": "ImageStreamTag",
                        "name": "gogs:11.34",
                        "namespace": "akshay-gogs"
                    },
                    "lastTriggeredImage": "wkulhanek/gogs@sha256:8bcc1cb6f938388b288ba1f9cfe1f2fb7f0cd2297c7b4cdd2d88c2224bb99f4d"
                },
                "type": "ImageChange"
            }
        ]
    },
    "status": {
        "availableReplicas": 1,
        "conditions": [
            {
                "lastTransitionTime": "2018-11-28T22:12:43Z",
                "lastUpdateTime": "2018-11-28T22:12:43Z",
                "message": "Deployment config has minimum availability.",
                "status": "True",
                "type": "Available"
            },
            {
                "lastTransitionTime": "2018-11-28T22:13:07Z",
                "lastUpdateTime": "2018-11-28T22:13:09Z",
                "message": "replication controller \"gogs-2\" successfully rolled out",
                "reason": "NewReplicationControllerAvailable",
                "status": "True",
                "type": "Progressing"
            }
        ],
        "details": {
            "causes": [
                {
                    "type": "ConfigChange"
                }
            ],
            "message": "config change"
        },
        "latestVersion": 2,
        "observedGeneration": 3,
        "readyReplicas": 1,
        "replicas": 1,
        "unavailableReplicas": 0,
        "updatedReplicas": 1
    }
}