{
    "apiVersion": "v1",
    "kind": "Pod",
    "metadata": {
        "annotations": {
            "kubernetes.io/limit-ranger": "LimitRanger plugin set: cpu, memory request for container gogs; cpu, memory limit for container gogs",
            "openshift.io/deployment-config.latest-version": "2",
            "openshift.io/deployment-config.name": "gogs",
            "openshift.io/deployment.name": "gogs-2",
            "openshift.io/generated-by": "OpenShiftNewApp",
            "openshift.io/scc": "restricted"
        },
        "creationTimestamp": "2018-11-28T22:13:04Z",
        "generateName": "gogs-2-",
        "labels": {
            "app": "gogs",
            "deployment": "gogs-2",
            "deploymentconfig": "gogs"
        },
        "name": "gogs-2-ft9hp",
        "namespace": "akshay-gogs",
        "ownerReferences": [
            {
                "apiVersion": "v1",
                "blockOwnerDeletion": true,
                "controller": true,
                "kind": "ReplicationController",
                "name": "gogs-2",
                "uid": "c4f94ca0-f35a-11e8-b028-025673be3232"
            }
        ],
        "resourceVersion": "499858",
        "selfLink": "/api/v1/namespaces/akshay-gogs/pods/gogs-2-ft9hp",
        "uid": "c718abc8-f35a-11e8-b028-025673be3232"
    },
    "spec": {
        "containers": [
            {
                "image": "wkulhanek/gogs@sha256:8bcc1cb6f938388b288ba1f9cfe1f2fb7f0cd2297c7b4cdd2d88c2224bb99f4d",
                "imagePullPolicy": "IfNotPresent",
                "name": "gogs",
                "ports": [
                    {
                        "containerPort": 3000,
                        "protocol": "TCP"
                    }
                ],
                "resources": {
                    "limits": {
                        "cpu": "500m",
                        "memory": "1536Mi"
                    },
                    "requests": {
                        "cpu": "50m",
                        "memory": "256Mi"
                    }
                },
                "securityContext": {
                    "capabilities": {
                        "drop": [
                            "KILL",
                            "MKNOD",
                            "SETGID",
                            "SETUID"
                        ]
                    },
                    "runAsUser": 1002360000
                },
                "terminationMessagePath": "/dev/termination-log",
                "terminationMessagePolicy": "File",
                "volumeMounts": [
                    {
                        "mountPath": "/data",
                        "name": "gogs-volume-1"
                    },
                    {
                        "mountPath": "/var/run/secrets/kubernetes.io/serviceaccount",
                        "name": "default-token-2822l",
                        "readOnly": true
                    }
                ]
            }
        ],
        "dnsPolicy": "ClusterFirst",
        "imagePullSecrets": [
            {
                "name": "default-dockercfg-qclfq"
            }
        ],
        "nodeName": "node3.4df4.internal",
        "nodeSelector": {
            "env": "users"
        },
        "restartPolicy": "Always",
        "schedulerName": "default-scheduler",
        "securityContext": {
            "fsGroup": 1002360000,
            "seLinuxOptions": {
                "level": "s0:c49,c4"
            }
        },
        "serviceAccount": "default",
        "serviceAccountName": "default",
        "terminationGracePeriodSeconds": 30,
        "tolerations": [
            {
                "effect": "NoSchedule",
                "key": "node.kubernetes.io/memory-pressure",
                "operator": "Exists"
            }
        ],
        "volumes": [
            {
                "name": "gogs-volume-1",
                "persistentVolumeClaim": {
                    "claimName": "gogs-data"
                }
            },
            {
                "name": "default-token-2822l",
                "secret": {
                    "defaultMode": 420,
                    "secretName": "default-token-2822l"
                }
            }
        ]
    },
    "status": {
        "conditions": [
            {
                "lastProbeTime": null,
                "lastTransitionTime": "2018-11-28T22:13:04Z",
                "status": "True",
                "type": "Initialized"
            },
            {
                "lastProbeTime": null,
                "lastTransitionTime": "2018-11-28T22:13:07Z",
                "status": "True",
                "type": "Ready"
            },
            {
                "lastProbeTime": null,
                "lastTransitionTime": "2018-11-28T22:13:04Z",
                "status": "True",
                "type": "PodScheduled"
            }
        ],
        "containerStatuses": [
            {
                "containerID": "docker://a4155e309468203eab8046b1d055c410b243f9b3aa0277182d25db87fd27614b",
                "image": "sha256:353b6ec5a3357b6fe000b7a9e98fc53df180b9f8e9b4ceb493081757599c0ed9",
                "imageID": "docker-pullable://docker.io/wkulhanek/gogs@sha256:8bcc1cb6f938388b288ba1f9cfe1f2fb7f0cd2297c7b4cdd2d88c2224bb99f4d",
                "lastState": {},
                "name": "gogs",
                "ready": true,
                "restartCount": 0,
                "state": {
                    "running": {
                        "startedAt": "2018-11-28T22:13:07Z"
                    }
                }
            }
        ],
        "hostIP": "192.199.0.137",
        "phase": "Running",
        "podIP": "10.1.5.71",
        "qosClass": "Burstable",
        "startTime": "2018-11-28T22:13:04Z"
    }
}